group,replicate,fastq_1,fastq_2,antibody,control
SPT5_T0,1,https://raw.githubusercontent.com/nf-core/test-datasets/atacseq/testdata/SRR1822153_1.fastq.gz,https://raw.githubusercontent.com/nf-core/test-datasets/atacseq/testdata/SRR1822153_2.fastq.gz,SPT5,SPT5_INPUT
SPT5_T0,2,https://raw.githubusercontent.com/nf-core/test-datasets/atacseq/testdata/SRR1822154_1.fastq.gz,https://raw.githubusercontent.com/nf-core/test-datasets/atacseq/testdata/SRR1822154_2.fastq.gz,SPT5,SPT5_INPUT
SPT5_T15,1,https://raw.githubusercontent.com/nf-core/test-datasets/atacseq/testdata/SRR1822157_1.fastq.gz,https://raw.githubusercontent.com/nf-core/test-datasets/atacseq/testdata/SRR1822157_2.fastq.gz,SPT5,SPT5_INPUT
SPT5_T15,2,https://raw.githubusercontent.com/nf-core/test-datasets/atacseq/testdata/SRR1822158_1.fastq.gz,https://raw.githubusercontent.com/nf-core/test-datasets/atacseq/testdata/SRR1822158_2.fastq.gz,SPT5,SPT5_INPUT
SPT5_INPUT,1,https://raw.githubusercontent.com/nf-core/test-datasets/chipseq/testdata/SRR5204809_Spt5-ChIP_Input1_SacCer_ChIP-Seq_ss100k_R1.fastq.gz,https://raw.githubusercontent.com/nf-core/test-datasets/chipseq/testdata/SRR5204809_Spt5-ChIP_Input1_SacCer_ChIP-Seq_ss100k_R2.fastq.gz,,
SPT5_INPUT,2,https://raw.githubusercontent.com/nf-core/test-datasets/chipseq/testdata/SRR5204810_Spt5-ChIP_Input2_SacCer_ChIP-Seq_ss100k_R1.fastq.gz,https://raw.githubusercontent.com/nf-core/test-datasets/chipseq/testdata/SRR5204810_Spt5-ChIP_Input2_SacCer_ChIP-Seq_ss100k_R2.fastq.gz,,
