run	condition
185BS_01_AAAACT	WT1
185BS_02_ATATAG	WT1
185BS_03_GTTTAT	WT1
185BS_04_TGTTTA	WT1
185BS_05_GCTAGA	WT1
185BS_06_CCCACG	KO1
185BS_07_CGGTGG	KO1
185BS_08_GCTCGC	KO1
185BS_09_AAAGTT	KO1
185BS_10_ATCAAA	KO1
185BS_11_TAAAGT	WT2
185BS_12_TTAATC	WT2
185BS_13_GGGATT	WT2
185BS_14_CCCCGT	WT2
185BS_15_CGTGGG	WT2
185BS_16_GGAGCC	KO2
185BS_17_AAATTG	KO2
185BS_18_ATGAAT	KO2
185BS_19_TAAGAT	KO2
185BS_20_TTAGTT	KO2
185BS_21_GTTCGA	WT3
185BS_22_CCCTGG	WT3
185BS_23_CTGCGG	WT3
185BS_24_GGCCAC	WT3
185BS_25_AAGATT	WT3
185BS_26_ATTACT	KO3
185BS_27_TAATGA	KO3
185BS_28_TTATTG	KO3
185BS_29_TCTGCA	KO3
185BS_30_CCGGAC	KO3
185BS_31_GACCGC	WT4
185BS_32_GGCGTC	WT4
185BS_33_AATACA	WT4
185BS_34_ATTCTA	WT4
185BS_35_TACTAT	WT4
185BS_36_TTGAAA	KO4
185BS_37_CCAACC	KO4
185BS_38_CCGTCG	KO4
185BS_39_GAGCGG	KO4
185BS_40_GGGCAG	KO4
